Straatnaam,AFKOR,GAC Code,Regio,Zone,POINT_X,POINT_Y
Acordeonstraat,ACO,36250,3,36,-70.01437212,12.51428078
Adolf van Nassaustraat,AVN,82180,8,82,-69.90751125,12.43688601
Adriaan Lacle Boulevard,ALB,32320,3,32,-70.03029385,12.51577409
Alablancastraat,ALA,38060,3,38,-70.00598409,12.49547695
Alfred de Mussetstraat,AMS,32260,3,32,-70.02807201,12.51628142
Aliviostraat,ALI,25020,2,25,-70.03876477,12.53242723
Aloestraat,ALO,27090,2,27,-70.03271618,12.53470973
Alto Vista,AV,13040,1,13,-70.01643516,12.56930012
Alvarezstraat,AL,11170,1,11,-70.03237244,12.56737158
Amalia van Solmsstraat,AVS,85100,8,85,-69.90120304,12.43568593
Amandelstraat,AM,35070,3,35,-70.018816,12.5116328
Amazonestraat,AMZ,85050,8,85,-69.89972257,12.43572733
Amistad,AMI,42016,4,42,-70.00141675,12.54179264
Amsterdamstraat,AMT,72280,7,72,-69.9205585,12.4450678
Anabui,AN,16030,1,16,-70.03890976,12.60308744
Anasastraat,ANA,35050,3,35,-70.02052277,12.51248485
Andicuri,AND,57010,5,57,-69.95579317,12.53577683
Anglostraat,AGL,82080,8,82,-69.90947523,12.43946489
Angochi,ANG,53080,5,53,-69.96567066,12.51805727
Antiguaweg,ANT,35370,3,35,-70.02248497,12.51772252
Apachestraat,APH,72080,7,72,-69.91521004,12.4478626
Apelsinastraat,APS,36160,3,36,-70.0157191,12.51621756
Apollostraat,AP,25100,2,25,-70.03922333,12.52900063
Archimedesstraat,ARC,28070,2,28,-70.03300247,12.52504359
Arendstraat,ARE,26230,2,26,-70.04119135,12.52434447
Argentiniestraat,AR,26100,2,26,-70.03597262,12.52537214
Arnhemstraat,ARH,72300,7,72,-69.91929241,12.44424642
Arnold M. Schuttestraat,ARN,22230,2,22,-70.03742353,12.51870872
Arowakkenstraat,ARO,72220,7,72,-69.91642973,12.4450867
Aureolastraat,AU,25030,2,25,-70.03875422,12.53195574
Avenida Alo Tromp,AAT,26280,2,26,-70.0384041,12.52199806
Avenida Milio Croes (Fergusonstraat),FER,35010,3,35,-70.02237195,12.5132627
Avicennastraat,AVI,33230,3,33,-70.02873821,12.52031289
Awacatistraat,AW,35190,3,35,-70.02409415,12.51645307
Ayo,AY,43020,4,43,-69.97557301,12.53478882
Aztekenstraat,AZT,72250,7,72,-69.91538449,12.44525594
Babijn,BAB,43100,4,43,-69.99575858,12.54168761
Bachstraat,BAC,32410,3,32,-70.03162365,12.51542579
Bacobastraat,BA,35200,3,35,-70.02302944,12.51612191
Bakval,BAK,11070,1,11,-70.03905931,12.58310244
Balanderstraat,BAL,24050,2,24,-70.04298093,12.52664907
Balashi,BAH,56020,5,56,-69.97246544,12.48888922
Balashi W.e.b.,BAW,56010,5,56,-69.97708355,12.47383971
Balsamostraat,BAS,27100,2,27,-70.03273781,12.53407382
Baranca,BCA,43115,4,43,-69.98896793,12.53322594
Barba di Yoncumanstraat,BAJ,28310,2,28,-70.03069471,12.53164294
Barbadosweg,BAD,35360,3,35,-70.02234436,12.51823132
Barcadera,BRC,56060,5,56,-69.98315858,12.48515387
Barcelona,BAR,37010,3,37,-70.01609144,12.51398237
Bargestraat,BRG,83030,8,83,-69.91009395,12.43567373
Bario Dr. Dussenbroek,BDD,34020,3,34,-70.02092777,12.52687349
Bazinsstraat,BAZ,32200,3,32,-70.02542311,12.51531291
Beatrixstraat,BEA,32060,3,32,-70.03023988,12.51241502
Beaujonstraat,BEU,32210,3,32,-70.02496201,12.51447299
Beethovenstraat,BEE,32400,3,32,-70.03122354,12.51587592
Belgiestraat,BEL,22100,2,22,-70.04635579,12.52789915
Bell Hillweg,BHI,75120,7,75,-69.90038645,12.44080121
Bellstraat,BET,22130,2,22,-70.04301265,12.52539058
Berea di Piscado,BDP,11021,1,11,-70.04428844,12.57768737
Bereheinstraat,BER,36150,3,36,-70.01646335,12.51522712
Bermudezstraat,BE,11220,1,11,-70.03398798,12.57221273
Bernadetastraat,BES,25080,2,25,-70.03900232,12.53061061
Bernhardstraat,BEN,81010,8,81,-69.91745303,12.43923424
Bernhardstraat,BEN,85170,8,85,-69.90372721,12.43571662
Betonicastraat,BS,61140,6,61,-69.97175242,12.46769956
Beyisimastraat,BLL,82090,8,82,-69.90845486,12.43951724
Bilderdijkstraat,BI,32300,3,32,-70.02887646,12.51422889
Bislickstraat,BIS,73040,7,73,-69.91000625,12.44432093
BlauweSteeg,BL,26260,2,26,-70.03640042,12.52218328
Blenchistraat,BLE,38117,3,38,-70.00806004,12.49303184
Blumond,BLO,42050,4,42,-69.99714524,12.53804885
Boliviastraat,BOL,26220,2,26,-70.03852256,12.52331165
Bona Vista Noord,BVN,13035,1,13,-70.00825253,12.55855262
Bonchi Strenastraat,BOS,28230,2,28,-70.02981019,12.53506416
Bontemantelstraat,BOT,25150,2,25,-70.03691602,12.52780871
Booby Hillweg,BHW,74030,7,74,-69.90033858,12.4458507
Boroncana,BOR,13080,1,13,-70.03033467,12.58409742
Boton,BT,55040,5,55,-69.96542056,12.49566796
Bottom Hillweg,BOW,74050,7,74,-69.89882702,12.45038746
Boutensstraat,BOU,75060,7,75,-69.90019927,12.43806194
Boylestraat,BOY,28060,2,28,-70.03235525,12.52488491
Brahmstraat,BRH,32380,3,32,-70.03079221,12.51604342
Brandarisweg,BDW,76080,7,76,-69.88712402,12.44113803
Brasil,BRA,71010,7,71,-69.92273967,12.44619133
Braziliestraat,BRZ,26190,2,26,-70.03860658,12.52437683
Brebastraat,BRB,27110,2,27,-70.03323907,12.5325594
Briezenstraat,BZS,73070,7,73,-69.91037292,12.44390828
Brikstraat,BRI,24030,2,24,-70.04164926,12.52658549
Bringamosa,BRM,55030,5,55,-69.96447437,12.4915087
Brueghelstraat,BRE,26310,2,26,-70.03609682,12.5215527
Brusca,BRS,27012,2,27,-70.03378844,12.54130349
Bubali,BU,12020,1,12,-70.0420042,12.55225109
Bucurui,BOE,13010,1,13,-70.03117581,12.55755429
Bucutiweg,BUC,38100,3,38,-70.01250209,12.49485532
Budui,BUD,45030,4,45,-69.98263396,12.55121623
Buena Vista,BV,38010,3,38,-70.00311132,12.49461083
Burubundu,BUR,61060,6,61,-69.96803259,12.47483925
Bushiri,BUS,23010,2,23,-70.04780872,12.5410008
Bushistraat,BUH,27130,2,27,-70.03326069,12.53193416
Butucu,BUT,77010,7,77,-69.91381856,12.46755604
Byerlite,BYE,63070,6,63,-69.93471409,12.44723249
Byronstraat,BY,32280,3,32,-70.0286518,12.51485989
Cabaron,CRN,11092,1,11,-70.03650559,12.57447963
Cabuyastraat,CA,27060,2,27,-70.03253785,12.53639392
Cadushi Largo,KD,53050,5,53,-69.9701327,12.51953483
Cadushistraat,KAD,35230,3,35,-70.02235112,12.51487758
Calbas,CAL,13030,1,13,-70.00629861,12.55883139
Calbasstraat,CSS,35210,3,35,-70.02293071,12.5158175
California,CAF,16010,1,16,-70.05174124,12.61764091
Camacuri,CAM,32010,3,32,-70.02164557,12.506081
Camaristraat,CAR,36120,3,36,-70.01622603,12.51763164
Campanastraat,CAS,36260,3,36,-70.01428016,12.51503089
Canashito,CSH,51030,5,51,-69.99014168,12.51105578
Canoastraat,CAN,24080,2,24,-70.04065204,12.52528254
Cantaloupestraat,CTS,36070,3,36,-70.01736879,12.51825701
Caobastraat,CAO,28220,2,28,-70.03103955,12.53377199
Caquetiostraat,CQT,72200,7,72,-69.91630924,12.44545592
Caribenstraat,CRB,72240,7,72,-69.91458161,12.44470984
Cas Ariba,KAB,54010,5,54,-69.97292443,12.5121247
Cas Paloma,KP,38110,3,38,-70.00556171,12.49161877
Cashero,CSO,53020,5,53,-69.97724044,12.52500757
Cashustraat,KAS,35240,3,35,-70.02196944,12.51469624
Casibari,CBI,42030,4,42,-69.99500908,12.53165381
Castrostraat,CST,72140,7,72,-69.9170361,12.44923175
Catalina,CTL,11046,1,11,-70.04831522,12.6052135
Catashi,CAI,53110,5,53,-69.9575224,12.51555768
Catiri,CAT,15020,1,15,-70.01557233,12.54378732
Catunastraat,KAT,28330,2,28,-70.0310829,12.53117148
Caya Ange Perez,PER,13026,1,13,-70.02041812,12.55919227
Caya Anguilla,CAG,84130,8,84,-69.90703468,12.43420258
Caya Appeldam,CAP,36155,3,36,-70.01772848,12.5141532
Caya Ararut,CYA,43098,4,43,-70.00169355,12.54812421
Caya Balorian,CBA,43093,4,43,-70.00093896,12.5470469
Caya Baranca (Tierra del Sol),LRO,11054,1,11,-70.04012558,12.60285818
Caya Bembe,CBE,43092,4,43,-70.0014871,12.5465484
Caya Bini Bini,CBB,43097,4,43,-70.0011773,12.54496369
Caya Binti Binti,CBT,56035,5,56,-69.97724153,12.48772243
Caya Bistalamar (Tierra del Sol),CBL,11059,1,11,-70.04367973,12.60245965
Caya Bohi,CBO,71082,7,71,-69.92796727,12.45032869
Caya Bonaire,BON,84100,8,84,-69.90753362,12.435428
Caya Boxmeer,CBX,72292,7,72,-69.91970776,12.44379113
Caya Breda,CBR,72293,7,72,-69.91937947,12.44276356
Caya Bunita Bista (Tierra del Sol),BEV,11052,1,11,-70.04699219,12.60297294
Caya Butishi,CBU,71012,7,71,-69.92893317,12.44997539
Caya Calco,CAC,11091,1,11,-70.03664024,12.57364287
Caya Cana Canto di Lama,CCL,11047,1,11,-70.04988091,12.60710755
Caya Caneblum,CKA,43094,4,43,-70.0010557,12.54676874
Caya Cangreu,CCU,11093,1,11,-70.03632223,12.5752635
Caya Capt. R. Rodger,ROD,83150,8,83,-69.90670819,12.43250664
Caya Casuela,CCA,71013,7,71,-69.92828282,12.44917655
Caya Charlie Brouns Sr.,BRO,83210,8,83,-69.90654125,12.43298471
Caya Cocolishi,CCO,11094,1,11,-70.03758935,12.57567149
Caya Corsou,COR,84080,8,84,-69.90829177,12.43537907
Caya di Biento (Tierra del Sol),BIE,11053,1,11,-70.04118148,12.60281377
Caya di Biento (Tierra del Sol),BIE,11053,1,11,-70.0438286,12.60325109
Caya di Campeonan (Tierra del Sol),LCA,11055,1,11,-70.04141078,12.60225786
Caya di Oro (Tierra del Sol),ORO,11057,1,11,-70.03671024,12.60176756
Caya di Pos,CPO,22032,2,22,-70.05134322,12.54326667
Caya di Sero (Tierra del Sol),CSR,11051,1,11,-70.04447138,12.60619465
Caya di Solo (Tierra del Sol),CDS,11058,1,11,-70.04257925,12.60263738
Caya Dick Cooper,DIC,83010,8,83,-69.90933387,12.43588842
Caya Dorothea R.Gil,DRG,14045,1,14,-70.02293552,12.55620096
Caya Dr. J.E.M. (Loy) Arends,JEM,22014,2,22,-70.05506145,12.54270757
Caya Dr. J.R. (Coco) Arends,CJA,34015,3,34,-70.02506411,12.52857718
Caya Enrique Vorst,CEV,86111,8,86,-69.8962036,12.43839167
Caya Ernesto Harms (Lagoenweg),LA,31200,3,31,-70.0340989,12.51739898
Caya Ernesto O. Petronia (Boerhaavestraat),CEP,28200,2,28,-70.03424769,12.52656388
Caya Federico Maduro,CFM,56051,5,56,-69.9822155,12.49674266
Caya Franse bloem,CFS,43096,4,43,-70.0000001,12.5463495
Caya Frere Alexius,CFL,25007,2,25,-70.03640357,12.53397846
Caya Frere Andreas,CAE,25004,2,25,-70.03588813,12.5345748
Caya Frere Antoon,CFT,25014,2,25,-70.03798876,12.53604934
Caya Frere Arnold,CFA,25005,2,25,-70.03543348,12.53198138
Caya Frere Bernard,CFR,25017,2,25,-70.03861404,12.53410609
Caya Frere Bernardinus,CFD,25018,2,25,-70.03807476,12.53343817
Caya Frere Bonifacius,CFB,25012,2,25,-70.03770311,12.5340314
Caya Frere Caspar,FRC,23026,2,23,-70.04220167,12.53501583
Caya Frere Eduardo,CFO,25006,2,25,-70.03560244,12.53381445
Caya Frere Edwin,FED,23029,2,23,-70.03951115,12.53515485
Caya Frere Eugeen,CFE,25016,2,25,-70.03851663,12.53473088
Caya Frere Federicus,FFE,23025,2,23,-70.03987449,12.53569523
Caya Frere Gabriel,FGA,23027,2,23,-70.04080746,12.53588901
Caya Frere Gerardus,FGE,23023,2,23,-70.04119977,12.53584991
Caya Frere Henricus,CFH,25013,2,25,-70.03893188,12.53522283
Caya Frere Johannes,CFJ,25009,2,25,-70.03705587,12.5339465
Caya Frere Julius,CFI,25008,2,25,-70.03583765,12.5333532
Caya Frere Laurentius,CFU,25011,2,25,-70.03798874,12.5366848
Caya Frere Norbertius,FNO,23024,2,23,-70.04040917,12.53643692
Caya Frere Paulino,FPA,23032,2,23,-70.04236799,12.53383334
Caya Frere Paulus,FPS,23033,2,23,-70.04243553,12.53320633
Caya Frere Petrus,CFP,25015,2,25,-70.03825797,12.53554675
Caya Frere Ricardo,FRI,23028,2,23,-70.04099212,12.53634228
Caya Frere Servatius,FSE,23021,2,23,-70.04330597,12.53627567
Caya Frere Stanislas,FST,23031,2,23,-70.04237257,12.53445548
Caya Frere Tarcicius,FTC,23035,2,23,-70.04156364,12.53389909
Caya Frere Theodorus,FTH,23034,2,23,-70.04132573,12.53236331
Caya Frere Vincentius,CFV,25019,2,25,-70.03756811,12.53286623
Caya Frere Willlibrordius,FWI,23022,2,23,-70.04178547,12.53569839
Caya G.F. Betico Croes,CGC,31130,3,31,-70.03262245,12.51958791
Caya G.F. Betico Croes,CGC,35310,3,35,-70.02263219,12.52006219
Caya Gilberto Toppenberg,CGT,28080,2,28,-70.03352015,12.52522359
Caya Guadeloupe,GUA,84020,8,84,-69.90552551,12.43385916
Caya H. Thomas Erasmus,CTE,15030,1,15,-70.01546419,12.53869741
Caya Haarlem,CHA,72294,7,72,-69.91860276,12.444071
Caya Hadrey,CHD,14120,1,14,-70.02967693,12.55106081
Caya Harmonia,CH,21026,2,21,-70.0514816,12.55151657
Caya Hubert Caruso Booi,HCB,86112,8,86,-69.8961539,12.43700028
Caya Ing. Roland Lacle (Hospitaalstraat),HOS,33170,3,33,-70.02963844,12.52142524
Caya Jose Geerman,CJG,72010,7,72,-69.91423398,12.44562021
Caya Juancho Kock (Karawarastraat),KAR,35300,3,35,-70.02021284,12.51563637
Caya Lolita E. Euson,EUS,75050,7,75,-69.89978984,12.43776131
Caya Maguey,CM,27030,2,27,-70.0346027,12.53670109
Caya Maishi Rabo,CMR,71014,7,71,-69.92874394,12.44904566
Caya Mangasina,CMG,71081,7,71,-69.92777728,12.45104273
Caya Martinique,CMQ,84150,8,84,-69.90655211,12.43411789
Caya Mesa Bista (Tierra del Sol),MEV,11056,1,11,-70.03674143,12.60295494
Caya Mgr J.M. Holterman,HOL,86102,8,86,-69.89731179,12.43575799
Caya Musica,CMU,21022,2,21,-70.04825938,12.55035099
Caya Nevis,NEV,84140,8,84,-69.90674996,12.43424109
Caya Pan Bati,CPT,71015,7,71,-69.92889338,12.4486049
Caya Papa Juan Pablo II (Rondweg),RO,35180,3,35,-70.01955796,12.51450713
Caya Parapete,CPP,71016,7,71,-69.92943719,12.45041066
Caya Pio Coffie,PIO,86113,8,86,-69.89624731,12.43745227
Caya Punta Brabo,CPB,22013,2,22,-70.05780893,12.54042071
Caya Quant,CQU,72106,7,72,-69.91924272,12.44721532
Caya Ras,CRA,72104,7,72,-69.91835771,12.44742242
Caya Ritmo,CR,21023,2,21,-70.05061332,12.54934268
Caya Rufo Wever,CRW,32330,3,32,-70.02969395,12.51596781
Caya Saba,CSB,84110,8,84,-69.90750133,12.43483829
Caya Seida,CSE,43095,4,43,-70.00039985,12.54586831
Caya Soeur Desideria,DES,23013,2,23,-70.04923509,12.53994762
Caya Soeur Dionysia,DIO,23011,2,23,-70.04977946,12.54121366
Caya Soeur Dorothea,DOR,23014,2,23,-70.04922407,12.53933438
Caya Soeur Gerarda Majella,MAJ,23017,2,23,-70.04868935,12.53964545
Caya Soeur Meletia,MEL,23016,2,23,-70.0502053,12.53988407
Caya Soeur Nicephora,NIC,23015,2,23,-70.04921304,12.53869225
Caya Soeur Rosalie,ROS,23012,2,23,-70.04928379,12.54058308
Caya Solognier,CSL,72108,7,72,-69.91864277,12.44673376
Caya St. Croix,SCX,84070,8,84,-69.9066673,12.43593237
Caya St. Eustatius,SST,84120,8,84,-69.90827403,12.43506443
Caya St. John,SXJ,84050,8,84,-69.90507978,12.43527118
Caya St. Kitts,STK,84040,8,84,-69.90730007,12.43509593
Caya St. Lucia,STL,84060,8,84,-69.90530227,12.43566324
Caya St. Maarten,STM,84010,8,84,-69.90648302,12.43451513
Caya St. Thomas,STH,84030,8,84,-69.90593843,12.43534584
Caya St. Vincent,CSV,84160,8,84,-69.90487967,12.43508176
Caya Sumpita,CS,27050,2,27,-70.03234402,12.53590109
Caya Tapushi,CTA,71083,7,71,-69.92703717,12.45070155
Caya Taratata,CTR,22031,2,22,-70.05280402,12.54121051
Caya Tilburg,CTI,72298,7,72,-69.91761078,12.44426117
Caya Totomo,CTO,15016,1,15,-70.02150255,12.5345782
Caya Trinidad & Tobago,CTT,84090,8,84,-69.9086393,12.43552767
Caya Valkenburg,CVK,72299,7,72,-69.91850594,12.44393853
Caya Velp,CVE,72296,7,72,-69.91854326,12.44460068
Caya Vries,CVR,72102,7,72,-69.91753574,12.44739136
Caya Yrad A. (Lord Boxoe) Illidge,LBX,86104,8,86,-69.89651411,12.43586331
Cayenastraat,CYS,73140,7,73,-69.91200283,12.44004298
Celsiusstraat,CE,28090,2,28,-70.03390279,12.52515473
Cherokezenstraat,CKZ,72040,7,72,-69.91506591,12.4468249
Chilestraat,CHI,26110,2,26,-70.03769244,12.52517091
Chopinstraat,CHO,32390,3,32,-70.03123683,12.51641007
Christiaanstraat,CHR,11130,1,11,-70.03446457,12.5693083
Chuchubistraat,CHU,38080,3,38,-70.00826593,12.49518579
Citroenstraat,CI,35220,3,35,-70.02246771,12.51570281
Clabiyostraat,CLA,36200,3,36,-70.01422753,12.51706392
Clavelstraat,CLV,73130,7,73,-69.91405581,12.4402502
Cleconchi,CLE,11095,1,11,-70.03621424,12.5758994
Coba Lodo,CLO,53100,5,53,-69.96302914,12.51623049
Cochinilla,CCH,52025,5,52,-69.98927611,12.50787382
Cocorobana,COB,27014,2,27,-70.03373388,12.53939399
Cocostraat,COC,36090,3,36,-70.0184205,12.51584681
Colombiastraat,CO,26170,2,26,-70.03725565,12.52407416
Coloradostraat,CRD,85030,8,85,-69.89892516,12.43536694
Columbusstraat,COL,31310,3,31,-70.03182096,12.51874532
Comanchestraat,CMH,72090,7,72,-69.91702854,12.44691874
Concessielaan,CON,33070,3,33,-70.03381617,12.52160591
Concordiabergweg,CBW,75170,7,75,-69.89673743,12.44430804
Constantijn Huygenstraat,CHS,32290,3,32,-70.02890819,12.51370363
Copernicusstraat,COP,33120,3,33,-70.03241462,12.52315272
Coribori,KOE,43050,4,43,-69.98669867,12.54362719
Costa Ricastraat,CRS,26070,2,26,-70.03783804,12.52567395
Cosuelostraat,COS,25050,2,25,-70.03744181,12.532129
Crijnssenstraat,CRJ,83020,8,83,-69.90977024,12.43563135
Cristal,CRI,43060,4,43,-69.9887588,12.54654101
Croesstraat,CRO,25140,2,25,-70.03537396,12.52786686
Cubastraat,CU,26060,2,26,-70.03889455,12.5255309
Cudawecha,KUD,14050,1,14,-70.01310548,12.55708284
Cudi,CUD,14015,1,14,-70.03243366,12.55049008
Cumana,CUM,34050,3,34,-70.01329983,12.51924882
Cunucu Abou,CAB,21020,2,21,-70.04483279,12.54712078
Cura Cabai,CC,64010,6,64,-69.92918217,12.44371237
Cura Cabai Zuid,CCZ,64015,6,64,-69.93118889,12.44272139
Curiestraat,CUR,33190,3,33,-70.02822044,12.52144647
Curimiao,KU,13060,1,13,-70.02868103,12.57863012
Cutisa,CUT,12015,1,12,-70.03834653,12.54835806
Dabaruidastraat,DAB,27140,2,27,-70.03326624,12.53134136
Dadelstraat,DAD,35270,3,35,-70.01984827,12.51858568
Dahliastraat,DHL,73190,7,73,-69.91046766,12.43841754
Daimari,DAI,57020,5,57,-69.94319038,12.52885721
Daltonstraat,DAL,28110,2,28,-70.03302937,12.5285022
Danza,DA,21021,2,21,-70.04906791,12.54852325
Datustraat,DAT,27120,2,27,-70.03269983,12.53160573
De La Sallestraat,DLS,28010,2,28,-70.0330241,12.5243868
De Palm Island,ISL,56090,5,56,-69.9838993,12.46885102
De Ruyterstraat,RUY,82040,8,82,-69.91253475,12.43706989
De Veerstraat,VST,71030,7,71,-69.92168091,12.4477084
De Vuyst,DVU,76075,7,76,-69.88675662,12.43822577
Depchi,DEP,41047,4,41,-70.00755356,12.54605521
Diamantbergweg,DBW,75110,7,75,-69.89675654,12.44301934
Diamante,DIA,11067,1,11,-70.04238268,12.59864731
Dieselstraat,DS,61080,6,61,-69.97439243,12.47007108
Dirkszstraat,DIZ,73060,7,73,-69.91161336,12.44279129
Dividivistraat,DI,35260,3,35,-70.02134004,12.51577335
Dominicanessenstraat,DO,33020,3,33,-70.03208073,12.52216262
Dominicaweg,DOM,35350,3,35,-70.02239852,12.51863349
Doormanstraat,DRM,81150,8,81,-69.91236543,12.43596151
Dr. Henriquezstraat,DRH,33250,3,33,-70.0289376,12.51978898
Dr. Horacio Oduber Boulevard,DHO,22015,2,22,-70.05735883,12.54293903
Dr. Oduberstraat,DRO,33220,3,33,-70.02829573,12.52199217
Dr. Schaepmanstraat,DSC,85010,8,85,-69.89898199,12.43716761
Driemasterstraat,DRI,24020,2,23,-70.03959525,12.53397903
Druivenstraat,DRU,35030,3,35,-70.0210214,12.51443129
Duartestraat,DU,11150,1,11,-70.03433874,12.56816979
Dwarsstraat,DW,31050,3,31,-70.03253976,12.51985676
Eckmeyerstraat,ECK,11190,1,11,-70.03325575,12.57029698
Ecuadorstraat,EC,26090,2,26,-70.03508332,12.52528722
Edenstraat,ED,25090,2,25,-70.0390074,12.53004402
Edisonstraat,EDI,28140,2,28,-70.03219894,12.52715168
El Salvadorstraat,ES,26030,2,26,-70.03968187,12.52599175
Elleboogstraat,EL,31090,3,31,-70.03647078,12.5205413
Emanstraat,EMA,31010,3,31,-70.03632606,12.52113277
Emmastraat,EM,26340,2,26,-70.03679213,12.52491135
Engelandstraat,EN,22050,2,22,-70.04805449,12.52968867
Erasmustraat,ER,33090,3,33,-70.03253875,12.52130366
Esmeralda,ESM,11064,1,11,-70.04114629,12.5956193
Esso Heights,EH,86110,8,86,-69.896375,12.43819668
Essoville,SOV,85160,8,85,-69.90235825,12.43670863
Fahrenheitstraat,FA,28190,2,28,-70.03374104,12.52624079
Faradaystraat,FS,61110,6,61,-69.97402033,12.46884359
Felicidad,FEL,15015,1,15,-70.02345823,12.53301062
Figaroastraat,FI,11120,1,11,-70.03361053,12.56860214
First Stick Hillweg,FSH,75150,7,75,-69.89772612,12.44348781
Fiyostraat,FIY,36290,3,36,-70.01522354,12.51569313
Flacciusstraat,FLC,25170,2,25,-70.03774061,12.52677601
Flag Staffweg,FSW,75180,7,75,-69.89609511,12.44411348
Flamboyanstraat,FBY,73170,7,73,-69.9115665,12.43933175
Flamingostraat,FLA,38020,3,38,-70.00531958,12.4948676
Flemmingstraat,FL,33180,3,33,-70.02768115,12.52167928
Florin,FLO,41045,4,41,-70.00863502,12.54533066
Fokkerstraat,FOK,22140,2,22,-70.04348901,12.52467514
Fontein,FON,77030,7,77,-69.90643801,12.49277045
Fordstraat,FO,22110,2,22,-70.04517252,12.52565813
Fortheuvelstraat,FEU,86090,8,86,-69.89235491,12.43403897
Frankenstraat,FR,11200,1,11,-70.03330075,12.57076047
Franklinstraat,FRA,22120,2,22,-70.04440449,12.52501199
Frankrijkstraat,FRK,22060,2,22,-70.04848032,12.53105514
Frans Halsstraat,FHL,83190,8,83,-69.90688818,12.43337995
Frederik Hendrikstraat,FHS,82200,8,82,-69.90818337,12.43714055
Fuerte,FUR,14065,1,14,-70.0099235,12.54653705
Fultonstraat,FU,28100,2,28,-70.03353608,12.52782944
Galileistraat,GAL,33150,3,33,-70.03124468,12.52274426
Gascogne,GAS,42040,4,42,-70.010911,12.53389083
Gasparito,GA,12060,1,12,-70.04158911,12.56260822
Geermanstraat,GST,73110,7,73,-69.91309599,12.4413038
Generaal-Majoor de Bruynewijk,BRU,63030,6,63,-69.94392867,12.45069261
George Madurostraat,MAR,32310,3,32,-70.03044458,12.51485113
Gielstraat,GI,11210,1,11,-70.03374083,12.57174035
Gilles Poppestraat,GPS,64040,6,64,-69.92852273,12.44273977
Goletstraat,GOL,24100,2,24,-70.041353,12.52590736
Golfweg,GLF,76070,7,76,-69.88456791,12.44070499
Gonzalitostraat,GON,38090,3,38,-70.01036412,12.49443153
Govert Flinckstraat,GOV,83220,8,83,-69.90601184,12.43291333
Granaatappelstraat,GR,35250,3,35,-70.0216547,12.51557475
Gravenhorststraat,GRS,71050,7,71,-69.92103001,12.44809738
Great Hillweg,GHW,74040,7,74,-69.90025268,12.44670698
Grenadaweg,GW,35320,3,35,-70.02074851,12.51917902
Grote Bergweg,GBW,75100,7,75,-69.89877393,12.44124604
Guatemalastraat,GU,26210,2,26,-70.03927266,12.5239227
Guido Gezellestraat,GUI,32250,3,32,-70.02806332,12.51576905
Guitarastraat,GUS,36270,3,36,-70.014625,12.51596324
Gurdein,GUR,41046,4,41,-70.00810321,12.54571614
Gutenbergstraat,GUT,22150,2,22,-70.04274396,12.52379392
Guyabastraat,GUY,35080,3,35,-70.02001055,12.51310738
Habihastraat,HA,28280,2,28,-70.02969724,12.53432159
Halifat,HAL,13055,1,13,-70.02938033,12.57266236
Hato,HAT,12010,1,12,-70.03780829,12.54604965
Havenstraat,HAV,31110,3,31,-70.03842529,12.5202041
Heidestraat,HES,11180,1,11,-70.032914,12.56917135
Helfrichstraat,HFR,83100,8,83,-69.90650549,12.43371792
Hendrik Casimirstraat,HCA,82130,8,82,-69.90507179,12.4372629
Hendrikstraat,HEN,31020,3,31,-70.03549281,12.52113984
Herman Gorterstraat,HGS,32270,3,32,-70.02878238,12.5131166
Hildebrandstraat,HBR,75040,7,75,-69.89832426,12.43904743
Hondurasstraat,HON,26150,2,26,-70.03607053,12.52383859
Hooiberg,HO,51010,5,51,-69.99998957,12.5188846
Hooiberg Kavel/Hooibergiet,HOK,51020,5,51,-69.99803253,12.52015917
Hospitaalwijk,HOW,33210,3,33,-70.02946208,12.52100617
Hubadastraat,HUB,28120,2,28,-70.03199953,12.52789823
Hudishibana,HU,16020,1,16,-70.0517104,12.61411567
Hugo de Grootstraat,HUG,33100,3,33,-70.03261957,12.52174849
Hurihuristraat,HUH,28240,2,28,-70.02985606,12.53605424
Huronstraat,HUR,72030,7,72,-69.91421183,12.44761015
Ierlandstraat,IE,22070,2,22,-70.04641549,12.53047255
Incastraat,INC,72210,7,72,-69.91597739,12.44512381
Indianenweg,IN,33110,3,33,-70.03315324,12.52322697
Ir. Luymesstraat,LS,61090,6,61,-69.97465766,12.46924993
Irausquinplein,IR,33010,3,33,-70.03517022,12.52365057
Irenestraat,IR,32050,3,32,-70.0324816,12.51683808
Isaac Wagemakerstraat,IWM,73120,7,73,-69.91045558,12.44042303
Italiestraat,IT,22040,2,22,-70.04864201,12.52916964
J.E. Irausquin Boulevard 1,JIB,11025,1,11,-70.04720778,12.56563318
J.E. Irausquin Boulevard 2,JIB,22025,2,22,-70.05985542,12.53950299
Jaburibari,JAB,43090,4,43,-70.0023356,12.54914195
Jacob Catstraat,JAC,32340,3,32,-70.02916849,12.51572514
Jacob Thielenstraat,JTS,64060,6,64,-69.92838704,12.44222467
Jamanota,JAM,55060,5,55,-69.95410361,12.49134041
Jan de Oudestraat,OUS,82170,8,82,-69.90717373,12.43690361
Jan Flemming,JF,55020,5,55,-69.97247018,12.49624151
Jan Steenstraat,JST,83130,8,83,-69.90655438,12.43332867
Jan van der Bieststraat,JBS,64050,6,64,-69.92840132,12.44314588
Jan van Nassaustraat,JNS,85110,8,85,-69.90079676,12.4363034
Janana,YA,34040,3,34,-70.01701854,12.5240548
Janszstraat,JA,25120,2,25,-70.03491043,12.52878315
Jara Complex,JAX,62015,6,62,-69.95323116,12.45807146
Jaraweg,JAR,62010,6,62,-69.95348796,12.45530838
Jarmanstraat,JAS,71040,7,71,-69.92133748,12.44757315
Jasmijnstraat,JMJ,73150,7,73,-69.91314277,12.43965428
Jim Blue Jacketstraat,JIM,82110,8,82,-69.90726987,12.43829857
Johan de Wittstraat,JW,26270,2,26,-70.03776238,12.52227355
Jozef Israelstraat,JIS,83230,8,83,-69.905968,12.4324787
Juan Jacobsstraat,JJS,26300,2,26,-70.03655479,12.52165359
Jucuri,JUC,52030,5,52,-69.99048064,12.50081243
Juliana van Stolbergstraat,STO,85150,8,85,-69.90358111,12.43667596
Julianastraat,JU,32040,3,32,-70.03322261,12.51522724
Jupiterstraat,JUP,33280,3,33,-70.02552422,12.51989359
Juwana Morto Complex,JMX,76105,7,76,-69.88588857,12.44144613
Juwana Mortostraat,JMS,76120,7,76,-69.89255274,12.44417056
Juwaweg,JUW,86120,8,86,-69.89406747,12.43751592
Kamay,KA,11090,1,11,-70.03345713,12.57580284
Kamerlingh Onnesstraat,KOS,28030,2,28,-70.03048456,12.52809411
Kanariestraat,KAN,38050,3,38,-70.00650943,12.49611695
Kazernestraat (Oranjestad),KAZ,31140,3,31,-70.03720713,12.5198401
Kazernestraat (San Nicolas),KZN,83070,8,83,-69.9108862,12.43539284
Keito,KE,12070,1,12,-70.04022139,12.56372224
Kenepa,KEN,65010,6,65,-69.93389174,12.46583309
Kenepastraat,KES,35100,3,35,-70.02016336,12.51448897
Kerkstraat,KER,26290,2,26,-70.03608623,12.52207706
Kibaima,KIB,56030,5,56,-69.97778892,12.48422999
Kibrahachastraat,KI,28290,2,28,-70.03041395,12.53285563
Kinikinistraat/Caya Kinikini,KIS,38116,3,38,-70.00782618,12.49353929
Kiviti,KIV,72185,7,72,-69.91522464,12.45073065
Kleine Bergweg,KLW,75020,7,75,-69.89539755,12.44022385
Kleistraat,KL,31060,3,31,-70.0332407,12.52009499
Klipstraat,KLS,31160,3,31,-70.0363941,12.51967698
Kockstraat,KOC,73030,7,72,-69.91049617,12.44530637
Kolibristraat,KOL,38070,3,38,-70.00579999,12.49496455
Koningstraat,KO,26240,2,26,-70.0400375,12.52293042
Koolbaaibergstraat,KOO,86010,8,86,-69.88824801,12.4346156
Korte Steeg,KTN,81160,8,81,-69.90741862,12.43409301
Korteweg,KW,31250,3,31,-70.0350193,12.51958849
Korvetstraat,KOR,24070,2,24,-70.04205352,12.52567452
Koyari,KOY,12050,1,12,-70.0431181,12.56027082
Kruisweg,KRW,31270,3,31,-70.0342917,12.51966355
Kuiperistraat,KUI,32220,3,32,-70.02449575,12.51486
Kukwisastraat,CUQ,27020,2,27,-70.03266734,12.5372889
Kustbatterij,KUB,75091,7,75,-69.89476872,12.44209968
Kwartsstraat,KWA,32150,3,32,-70.02553645,12.51130327
Kwihistraat,CUI,28350,2,28,-70.03036036,12.53067328
L.G Smith Boulevard 1,LSB,22030,2,22,-70.04542411,12.58579506
L.G Smith Boulevard 2,LSB,11020,1,11,-70.04776924,12.5264998
L.G Smith Boulevard 3,LSB,32020,3,32,-70.03078375,12.51207111
Laga Bena,LB,54080,5,54,-69.95712759,12.50839457
Lago Heightsstraat,LGH,86040,8,86,-69.89470319,12.43640266
Lagoweg,LGO,83250,8,83,-69.90457014,12.43430349
Lamunchistraat,LAM,35090,3,35,-70.02040131,12.51436546
Larahastraat,LAR,35170,3,35,-70.0180209,12.51165048
Laurens Costerstraat,LCS,28020,2,28,-70.03048481,12.52441864
Lodewijk van Nassaustraat,LOD,82140,8,82,-69.90557833,12.4371854
Longfellowstraat,LO,32100,3,32,-70.02819824,12.51143057
Lopezstraat,LPZ,72170,7,72,-69.91881029,12.44876467
Louise De Colignystraat,LOU,85140,8,85,-69.9045621,12.43640097
Lucerostraat,LUC,25070,2,25,-70.03893202,12.53118252
Lucianitastraat,LU,25040,2,25,-70.04088475,12.5316994
Luna,CL,36011,3,36,-70.01972933,12.52251577
Luxemburgstraat,LUX,22090,2,22,-70.04692217,12.52975755
Mabon,MB,71070,7,71,-69.92533597,12.45124026
Mabon Kavel,MBK,71080,7,71,-69.93011916,12.4503563
Macapruimstraat,MPS,36020,3,36,-70.01874363,12.51794966
Macuarima,MAC,55010,5,55,-69.97492149,12.50268882
Macubaristraat,MCT,36050,3,36,-70.01794018,12.51855348
Madiki,MAD,24010,2,24,-70.0421182,12.52944553
Madiki Kavel,MAK,23020,2,23,-70.04147998,12.53599479
Magdalenastraat,MGD,73180,7,73,-69.91170831,12.43861281
Mahuma,MAH,37080,3,37,-69.99712218,12.49878961
Malmokweg,MAL,11040,1,11,-70.04796722,12.6008897
Malohistraat,MST,61150,6,61,-69.9721567,12.46722285
Mamoticastraat,MMS,36030,3,36,-70.01653311,12.51943808
Mandarinastraat,MAI,35280,3,35,-70.02079464,12.51739973
Mandolinstraat,MDL,36230,3,36,-70.01349014,12.5147566
Mangelstraat,MAN,28340,2,28,-70.02992355,12.53006445
Mangostraat,MAG,35110,3,35,-70.01988044,12.51421076
Manzaniyastraat,MZA,35120,3,35,-70.01944915,12.51398541
Maracastraat,MRA,36170,3,36,-70.01328557,12.5160195
Marawiel,MRW,43070,4,43,-69.99200906,12.54405629
Margrietstraat,MAS,32080,3,32,-70.03097194,12.5140926
Maria Christinastraat,MCS,32030,3,32,-70.0330043,12.51728382
Maria Maai,MMA,55050,5,55,-69.9570448,12.49559549
Maria van Oranjestraat,MOS,85120,8,85,-69.90308906,12.43629753
Maripampunstraat,MPP,36140,3,36,-70.01617749,12.51642381
Marktstraat,MKS,81230,8,81,-69.911658,12.43559943
Marnixstraat,MXS,74090,7,74,-69.90897836,12.44121639
Matadera,MAT,14100,1,14,-70.02571683,12.55024963
Matividiri,MVD,43030,4,43,-69.97706636,12.54172821
Matogerai,MTG,14110,1,14,-70.02774243,12.55193883
Mauritsstraat,MAU,82150,8,82,-69.90616067,12.43703017
Mauvestraat,MUV,83240,8,83,-69.9055123,12.43281752
Maxwellstraat,MS,61120,6,61,-69.97347662,12.46869768
Mazurka,MAZ,21025,2,21,-70.04964492,12.55025011
Meiveld,MEI,51050,5,51,-70.01115888,12.52223299
Mendelsohnstraat,ME,32360,3,32,-70.03104384,12.51740324
Mexicostraat,MEX,26040,2,26,-70.03927718,12.52585397
Mgr. Ellisstraat,MES,63040,6,63,-69.94058809,12.44787036
Mgr. M.J. Niewindtstraat,MNW,85090,8,85,-69.9004781,12.43383512
Mgr. P.I. Verrietstraat,MVR,85080,8,85,-69.90040243,12.43447455
Middenweg,MI,31070,3,31,-70.03384013,12.52026833
Milonstraat,MIL,35130,3,35,-70.01974089,12.51342508
Miraflorweg,MIR,33080,3,33,-70.03315334,12.52152633
Mispelstraat,MIP,36110,3,36,-70.01773019,12.5152166
Mississippistraat,MSS,85060,8,85,-69.89948957,12.43525438
Missouristraat,MIS,85040,8,85,-69.89933458,12.43569201
Moco,MOK,14060,1,14,-70.00816126,12.55157718
Moco Kavel,MK,14998,1,14,-70.01098516,12.55172512
Modanza,MOD,41020,4,41,-70.01434562,12.5343481
Mohikanenstraat,MOH,72020,7,72,-69.91512586,12.446341
Mon Pos,MP,53060,5,53,-69.96943211,12.52288481
Monserat,MO,11110,1,11,-70.03624392,12.56970121
Mont Caretaweg,MCW,76020,7,76,-69.8870046,12.43671591
Mont O'Reillyweg,MOW,76030,7,76,-69.88553996,12.43714786
Mont Peleestraat,MPE,86020,8,86,-69.88913497,12.43495164
Montaia,MTJ,14030,1,14,-70.02759801,12.55654441
Montana,MTN,37040,3,37,-70.01440958,12.51231885
Monte Verde,MOV,51080,5,51,-70.00345197,12.51151514
Morgenster,MOR,51040,5,51,-70.00539035,12.51697601
Mount Scenerystraat,MSC,86060,8,86,-69.89260868,12.43584731
Mozartstraat,MOZ,32430,3,32,-70.03200071,12.516379
Natural Bridge,NBR,45010,4,45,-69.95876668,12.54106995
Nayostraat,NA,27070,2,27,-70.03192872,12.53645743
Neptunesstraat,NEP,33260,3,34,-70.02657934,12.5197337
Newtonstraat,NE,33130,3,33,-70.03175681,12.52342286
Nicaraguastraat,NI,26200,2,26,-70.03891621,12.52375649
Nieuwe Weg,NIW,73080,7,73,-69.9158609,12.44121452
Nieuwkerkstraat,NKS,25190,2,25,-70.03946041,12.52765505
Nieuwstraat,NIE,31320,3,31,-70.03200053,12.51924393
Nijhoffstraat,NIJ,75010,7,75,-69.89405462,12.43905436
Nobelstraat,NOB,28050,2,28,-70.03258169,12.52536663
Noguerastraat,NGA,72130,7,72,-69.91742219,12.44946124
Noord,NO,12080,1,12,-70.03131537,12.56628946
Noord Cura Cabai,NCC,64080,6,64,-69.9305981,12.44734582
Nuoa,NU,41050,4,41,-70.00778678,12.54018102
Nuyenstraat,NUY,83160,8,83,-69.90787621,12.43365198
Ohmstraat,OS,61100,6,61,-69.97366973,12.46949673
Oldenbarneveldstraat,OLD,26250,2,26,-70.0362695,12.52235792
Olijfistraat,OL,35060,3,35,-70.02185748,12.51352217
Oostenbergweg,OBW,76050,7,76,-69.89097301,12.43741415
Ooststraat,OOS,31300,3,31,-70.0322881,12.51889555
Opal,OPL,11062,1,11,-70.04133028,12.58756895
Oranjestraat,OR,31190,3,31,-70.03556181,12.51896816
Orcuyo (Haystack Residence),ORC,51011,5,51,-69.99128079,12.51532474
Orinocostraat,ORI,85020,8,85,-69.8992232,12.43614033
Otaheitistraat,OTA,82100,8,82,-69.90733428,12.4389163
Oude Schoolstraat,OUD,31280,3,31,-70.03362702,12.51978705
P.C. Hooftstraat,PHS,74100,7,74,-69.9088707,12.44075373
Paardenbaaistraat,PRD,22170,2,22,-70.04110504,12.52252784
Pagaistraat,PAG,24090,2,24,-70.04074344,12.52563183
Palisiaweg,PLW,72190,7,72,-69.91348825,12.44911491
Palm Beach,PB,11100,1,11,-70.03935792,12.570419
Palma Real,PRL,11101,1,11,-70.03952396,12.56461453
Palmitastraat,PAM,28270,2,28,-70.02983189,12.53357593
Palo di Bonchistraat,PAB,28130,2,28,-70.03187548,12.52825861
Palo di Lechistraat,PLE,28360,2,28,-70.03092124,12.5306631
Pampunastraat,PAU,36080,3,36,-70.01808599,12.51680575
Panamastraat,PMA,26080,2,26,-70.03723445,12.52558372
Papaya,PYA,41040,4,41,-70.01002993,12.54327067
Papayastraat,PAY,35140,3,35,-70.01849251,12.51269216
Papilon,PAP,52020,5,52,-69.98513425,12.50476044
Paradera,PRA,42020,4,43,-70.00299857,12.53291242
Paradijs,PAR,23030,2,23,-70.04128251,12.53361913
Paradijsheuvelstraat,HEU,86080,8,86,-69.89386713,12.43463309
Paradijswijk,PAW,25010,2,25,-70.03735581,12.5344491
Paraguana,PA,14090,1,14,-70.02006287,12.54757439
Paraguaystraat,PAS,26140,2,26,-70.03646328,12.52377239
Paramira,PMR,28045,2,28,-70.0270664,12.52916837
Parish Hillweg,PHW,74060,7,74,-69.89662897,12.45314451
Parkietenbos,PBO,38120,3,38,-69.99857071,12.48737284
Pascalstraat,PAC,28170,2,28,-70.03223665,12.52638335
Pasteurstraat,PAE,33240,3,33,-70.02863581,12.5198525
Pastoor Hellingstraat,PHL,63050,6,63,-69.94102848,12.44785765
Pastoor Hendrikstraat,PHD,82010,8,82,-69.91095293,12.43773166
Pastoor Penninxstraat,PPS,63060,6,63,-69.94082663,12.44738075
Patiastraat,PAT,35290,3,35,-70.01971862,12.51544212
Paulus Potterstraat,PPT,83200,8,83,-69.90663692,12.43269947
Pavilla,PAV,44020,4,44,-70.00363668,12.52186613
Pavilla Park,PLP,44030,4,44,-70.00374537,12.52024238
Pedro Gallegostraat,PGS,35020,3,35,-70.02150401,12.51136111
Perustraat,PE,26180,2,26,-70.03796213,12.52394709
Picaron,PIC,54060,5,54,-69.96266819,12.50340999
Piedra Plat,PP,44010,4,44,-69.98948832,12.52411109
Pierre Corneillestraat,PIE,32090,3,32,-70.02883623,12.51172169
Piet Heinstraat,PHE,81210,8,81,-69.91238549,12.43622371
Pieter Boerstraat,PBS,64020,6,64,-69.92882769,12.443658
Pikinini,PKN,53045,5,53,-69.97321707,12.51830033
Pindastraat,PIS,36100,3,36,-70.01679871,12.51475612
Pitastraat,PI,27150,2,27,-70.03703445,12.54076283
Plantersrust,PL,37060,3,37,-70.0047178,12.50921301
Plaza Daniel Leo,PDL,31120,3,31,-70.0375204,12.51985789
Plaza G.F.Betico Croes,PGC,32125,3,32,-70.02691727,12.51030886
Ponton,PO,27010,2,27,-70.03093081,12.53870637
Porrierstraat,PST,64070,6,64,-69.9273774,12.44289168
Pos Abou,POS,21010,2,21,-70.04936328,12.54406969
Pos Chikito,PCH,61010,6,61,-69.96580386,12.46590561
Pos Chikito Complex,PCX,61025,6,61,-69.95802532,12.46803883
Potreroweg,POT,35380,3,35,-70.02298612,12.51760614
Primavera,PR,37050,3,37,-70.00766125,12.5114967
Prinsenstraat,PRS,82190,8,82,-69.90750451,12.43660382
Prof. Lorentzstraat,PLS,26120,2,26,-70.03795107,12.52479986
Purun,PUR,41015,4,41,-70.01629776,12.53581568
Quaststraat,QU,25130,2,25,-70.03478086,12.52931284
Queen Beatrix International Airport,AAA,39010,3,39,-70.00778142,12.50375694
Quillstraat,QUI,86070,8,86,-69.89288593,12.43524
Ranchostraat,RAN,26320,2,26,-70.03791353,12.52156388
Rasmijnstraat,RMJ,72060,7,72,-69.91576627,12.44671459
Raspastraat,RAP,36190,3,36,-70.01455726,12.51761677
Reaumurstraat,RE,28180,2,28,-70.03271667,12.52648425
Red Rockweg,RRW,75140,7,75,-69.89888982,12.44256148
Rembrandtstraat,REB,83140,8,83,-69.90665873,12.43312342
Resedastraat,RES,82020,8,82,-69.91283032,12.43736599
Rifstraat,RIF,31150,3,31,-70.03679833,12.51949614
Rockefellerstraat,ROK,22160,2,22,-70.04210227,12.52302024
Roncado,ROC,42010,4,41,-70.00528706,12.53889326
Ronde Klipweg,RKL,86030,8,86,-69.89129764,12.4366851
Rooi Afo,RA,41060,4,41,-70.0076481,12.52808142
Rooi Bosal,RBO,56040,5,56,-69.97890735,12.49426974
Rooi Congo,RCO,72260,7,72,-69.91601552,12.44418662
Rooi Frances,ROF,56080,5,56,-69.97270235,12.48600836
Rooi Kochi,RK,64090,6,64,-69.93284405,12.45371834
Rooi Lamunchi,RLA,61020,6,61,-69.95721602,12.46042806
Rooi Master,RM,71060,7,71,-69.92129417,12.45258665
Rooi Prikichi,RPR,43040,4,43,-69.98008071,12.54037674
Rooi Santo,RS,11060,1,11,-70.03809798,12.58722179
Rooi Taki,RTA,61040,6,61,-69.96276917,12.47985871
Rooiweg,RWG,74020,7,74,-69.90007033,12.44355132
Rotterdamstraat,ROT,72100,7,72,-69.91837076,12.44796546
Rozenstraat,ROZ,82030,8,82,-69.9122356,12.43748435
Rtntgenstraat,RTG,28160,2,28,-70.03242548,12.52583811
Ruby,RUB,11063,1,11,-70.04106508,12.59125906
Rudolf Arendsstraat,RAS,25110,2,25,-70.03683516,12.52830642
Ruizstraat,RU,22200,2,22,-70.04154973,12.5206308
Rumbastraat,RUM,32140,3,32,-70.02604319,12.5101697
Ruysdaelstraat,RYS,83120,8,83,-69.90735862,12.43380725
Sabana Basora,SBB,61030,6,61,-69.96515029,12.47041634
Sabana Basora Noord,SBN,61035,6,61,-69.96104675,12.47344661
Sabana Basora Zuid,SBZ,61036,6,61,-69.96221465,12.47067671
Sabana Berde,SBR,37030,3,37,-70.01248415,12.50507075
Sabana Blanco,SBL,37020,3,37,-70.01217727,12.50880662
Sabana Grandi,SGR,56050,5,56,-69.98380592,12.49727853
Sabana Liber,SL,13020,1,13,-70.02229131,12.56211025
Sabana Liber Villa Park,SVK,13025,1,13,-70.01950668,12.56303783
Sabania Abou,SAB,53090,5,53,-69.9575842,12.52144707
Safir,SAF,11065,1,11,-70.03696507,12.59525566
Saliwa,SA,14070,1,14,-70.01386199,12.55113048
Saliwa Cerca,SC,11080,1,11,-70.0372124,12.58092537
San Barbola,SBA,34030,3,34,-70.01839422,12.52471709
San Barbola Complex (San Barbola Residence),SBX,34035,3,34,-70.01527347,12.52410259
San Fuego,SF,54070,5,54,-69.95435287,12.50062806
San Miguel,SM,12030,1,12,-70.04648516,12.55670872
Santa Cruz,STC,52010,5,53,-69.98110875,12.51033378
Santa Helenastraat,SHS,25060,2,25,-70.03698523,12.53145219
Santa Lucia,SLU,53070,5,53,-69.96523321,12.52577469
Santa Marta,SMT,52040,5,52,-69.99506755,12.50404624
Santo di Patia,SPT,76110,7,76,-69.88101654,12.44270876
Sasakiweg,SW,11010,1,11,-70.04430474,12.56192926
Sasakiweg,SW,22010,2,22,-70.05317392,12.54598269
Savaneta 1,SAV,62020,6,62,-69.95199527,12.45334991
Savaneta 2,SAV,63010,6,63,-69.94034954,12.44839819
Savaneta Kamp,SMK,63020,6,63,-69.93600144,12.44362686
Schelpstraat,SEL,31100,3,31,-70.03819882,12.52059603
Schoenerstraat,SCS,24060,2,24,-70.04255512,12.52597627
Schoolstraat,SCL,31170,3,31,-70.03604826,12.51889574
Schotlandstraat,SCH,22080,2,22,-70.04809767,12.53099693
Schreuderstraat,SCD,32180,3,32,-70.02551513,12.51350118
Schubertstraat,SCR,32420,3,32,-70.03160523,12.51624522
Schumanstraat,SCU,32070,3,32,-70.0317312,12.51436595
Scobiyostraat,SS,61130,6,61,-69.97146016,12.46830428
Scopapelstraat,SCP,36060,3,36,-70.0159131,12.51865945
Scopetstraat,SCT,28210,2,28,-70.03055948,12.53419056
Semeleerstraat,SE,11160,1,11,-70.03311233,12.57164344
Seminolenstraat,SEM,72230,7,72,-69.91688297,12.4450927
Senebla,SBE,27011,2,27,-70.03536268,12.54250073
Sentry Hillweg,SHW,76060,7,76,-69.88997742,12.437502
Sero Alejandro,SAL,62030,6,62,-69.93986377,12.45371814
Sero Bentanaweg,SBT,76140,7,76,-69.89180083,12.44600898
Sero Biento,SEB,51060,5,51,-69.99900729,12.51268175
Sero Blanco,SB,34010,3,34,-70.02251942,12.52704162
Sero Colorado,SCO,87010,8,87,-69.88285168,12.42071384
Sero Compa,SEC,54020,5,54,-69.97130166,12.51663559
Sero Dakweweg,SDW,76130,7,76,-69.89418534,12.44553842
Sero Dos Posweg,SDP,75130,7,75,-69.89956849,12.44181573
Sero Grandiweg,SGW,76100,7,76,-69.88769413,12.44149609
Sero Janchi,SJ,14040,1,14,-70.02029461,12.55419744
Sero Largoweg,SLW,76090,7,76,-69.88872305,12.44025199
Sero Lopes,SLP,43120,4,43,-69.99342633,12.53281644
Sero Patrishi,SEP,41010,4,41,-70.01691252,12.53092357
Sero Pela,SP,13070,1,13,-70.02686382,12.58556051
Sero Pita,SPI,43010,4,43,-69.98452806,12.53057303
Sero Plat,SPL,43080,4,43,-69.99610542,12.54851468
Sero Preto (Paradera),SPP,41070,4,41,-70.00168844,12.52529153
Sero Preto (San Nicolas),SPN,73020,7,73,-69.90637471,12.45130074
Sero Tijshi,STJ,56070,5,56,-69.99061183,12.49745027
Shaba,SH,14020,1,14,-70.03036943,12.55247677
Shabururi,SJA,53040,5,53,-69.97596705,12.52028613
Shakespearestraat,SHA,32110,3,32,-70.02707512,12.51230858
Shellstraat,SHE,22220,2,22,-70.03925947,12.5200837
Shete,STE,53120,5,53,-69.95350483,12.51115293
Shimarucustraat,SHM,35150,3,35,-70.01903132,12.51253802
Shiribana,SHI,41030,4,41,-70.01173447,12.5383574
Sibeliusstraat,SIB,32350,3,32,-70.02999517,12.51745561
Simon Platsstraat,SPS,64030,6,64,-69.92847251,12.444108
Sinfoniastraat,SIN,36220,3,36,-70.01338028,12.51532228
Siouxstraat,SIO,72050,7,72,-69.91511202,12.44735107
Siribana,SIR,53010,5,53,-69.97682128,12.51747832
Sisalstraat,SIS,27040,2,27,-70.03317412,12.53569983
Sividivi,SIV,33160,3,33,-70.02884551,12.52280232
Socotorolaan,SOC,26160,2,26,-70.03686201,12.52339113
Socotorowijk,SOW,26050,2,26,-70.03990146,12.52549805
Soledad,SO,14080,1,14,-70.01688162,12.54724431
Solito,SOL,28040,2,28,-70.02778014,12.5304989
Solo,SOO,36012,3,33,-70.02095871,12.52096368
Sombre,SOM,54040,5,54,-69.96462965,12.51282126
Sorsacastraat,SOR,36040,3,36,-70.01695899,12.51889776
Soufrierestraat,SOU,86050,8,86,-69.89233636,12.43510193
Spaans Lagoen,LAG,61160,6,61,-69.97446457,12.46832467
Spaans lagoenweg,LAW,61170,6,61,-69.96855376,12.46465062
Spechtstraat,SPE,25180,2,25,-70.03891607,12.52765503
Spinozastraat,SPZ,33060,3,33,-70.03470042,12.52136199
Sportparkstraat,SPO,82120,8,82,-69.90521854,12.43846325
St. Antoniebergweg,SAW,75030,7,75,-69.89601944,12.44000157
St. Catherinestraat,CTH,86100,8,86,-69.89525336,12.43553776
St. Christoffelbergweg,SCB,76010,7,76,-69.88803824,12.43523317
St. Peter Hillweg,SPH,75160,7,75,-69.89740682,12.44374804
St. Theresiaplein,STP,82070,8,82,-69.91022309,12.43633771
St. Vincentweg,SVW,35330,3,35,-70.02121421,12.51994741
Stadhouderstraat,SHO,85130,8,85,-69.90288072,12.43606456
Stadionplein,STA,32190,3,32,-70.02462865,12.51319403
Stadionweg,STD,32130,3,32,-70.02479282,12.5111019
Stamperstraat,STS,72160,7,72,-69.91835213,12.44941325
Standardville,STN,74080,7,74,-69.9082893,12.44426227
Staringstraat,STG,75080,7,75,-69.89876464,12.43903923
Steenweg,STW,31240,3,31,-70.0346376,12.51926629
Stormstraat,ST,31080,3,31,-70.03408911,12.52001193
Strea,STR,36013,3,36,-70.01882393,12.52279608
Stuyvesantstraat,SYV,83050,8,83,-69.9100861,12.43488761
Sweelinckstraat,SWL,32370,3,32,-70.03078757,12.51682953
Tafelbergweg,TBW,76040,7,76,-69.8906278,12.43798587
Tamarijn,TAM,43110,4,43,-69.98995403,12.53674847
Tamarijnstraat,TAS,35160,3,35,-70.01877965,12.51221582
Tamborstraat,TAB,36280,3,36,-70.01493919,12.51584374
Tangerinastraat,TAN,36130,3,36,-70.01665197,12.51654073
Tanki Flip,TF,14010,1,14,-70.03068273,12.54587553
Tanki Leendert,TL,15010,1,15,-70.02169831,12.53843189
Tarabana,TA,36010,3,36,-70.02305463,12.52166378
Tarabanaweg,TAW,35340,3,35,-70.0218592,12.51914714
Tebenki,TEB,12045,1,12,-70.03971074,12.55614619
Theaterstraat,TEA,83080,8,83,-69.91098754,12.43478898
Tibushi,TSH,11066,1,11,-70.03718344,12.59225967
Timbalstraat,TIB,36240,3,36,-70.01453652,12.51456609
Timonstraat,TIM,24040,2,24,-70.04186517,12.52619355
Tobelstraat,TBL,72120,7,72,-69.9173578,12.44873509
Tomatenstraat,TOS,35040,3,35,-70.02054983,12.51289546
Topaz,TPZ,11061,1,11,-70.03557822,12.58882678
Torricellistraat,TO,28150,2,28,-70.03177869,12.52618735
Totolicastraat,TOT,38030,3,38,-70.00614558,12.49658882
Triangelstraat,TR,36210,3,36,-70.01380547,12.51653505
Trinitariastraat,TRI,73160,7,73,-69.91323997,12.43904285
Trompstraat,TRO,82050,8,82,-69.91265477,12.43674421
Trupiaalstraat,TRU,38040,3,38,-70.00672525,12.49641694
Tulpenstraat,TUL,73200,7,73,-69.91058817,12.43978008
Tumba,TUM,21024,2,21,-70.04989297,12.54696081
Tunastraat,TUN,27080,2,27,-70.03264035,12.53532919
Turibana,TU,13050,1,13,-70.02871646,12.57170582
Tuturutustraat,TUT,28250,2,28,-70.02932782,12.53560983
Urataca,URA,54030,5,54,-69.9675006,12.50793528
Uruguaystraat,UR,26130,2,26,-70.03649587,12.52432831
Uta Uta straat,Ut,28260,2,28,-70.02843756,12.5355591
Vader Piet,VAD,77020,7,77,-69.89241132,12.47487904
van de Veen Zeppenfeldstraat,VVZ,83060,8,83,-69.90815785,12.43336328
Van den Bosschestraat,VBS,71020,7,71,-69.92225262,12.44773044
Van der Lindenstraat,VDL,73050,7,73,-69.91062611,12.444459
Van Deventerstraat,VDE,33200,3,33,-70.02827422,12.5209221
Van Dragtstraat,VDS,32170,3,32,-70.02586803,12.51199164
Van Eekhoutstraat,VAE,32160,3,32,-70.02634254,12.51163662
Van Galenstraat,VGA,81220,8,81,-69.91259615,12.43556435
Van Leeuwenhoekstraat,VLE,33140,3,33,-70.03202103,12.52189155
Van Lennepstraat,LEN,75070,7,75,-69.89895545,12.43861229
Van Renselaerstraat,REN,83040,8,83,-69.91025166,12.43528098
Van Slobbestraat,SLO,83090,8,83,-69.90819937,12.43385345
Van Speykstraat,SPY,82060,8,82,-69.91151779,12.43678097
Van Walbeeckstraat,VWS,31290,3,31,-70.03331243,12.51879384
Venezuelastraat,VEN,26020,2,26,-70.03850637,12.52625122
Venusstraat,VE,33270,3,33,-70.02612179,12.52026025
Verano,VRA,51070,5,51,-70.00331832,12.51411208
Verbindingsweg,VER,31330,3,31,-70.02719636,12.51830018
Vermeerstraat,VME,83170,8,83,-69.90738038,12.43348241
Victor Hugostraat,VHS,32230,3,32,-70.02733532,12.51521308
Vigia,VIG,42015,4,42,-70.0012231,12.54065277
Village Noord,VN,84210,8,84,-69.90645227,12.43533811
Village Zuid,VZ,84200,8,84,-69.90605816,12.43386522
Visstraat,VI,26330,3,31,-70.03870592,12.52113642
Vondellaan,VO,32240,3,32,-70.02728173,12.51331957
Vorststraat,VOR,72150,7,72,-69.91715688,12.45014546
Vrolijkstraat,VRO,73090,7,73,-69.91254191,12.44449197
Vuylstekestraat,VUY,85070,8,85,-69.90016141,12.43518409
Wabistraat,WAB,28300,2,28,-70.03050587,12.53221484
Walishali,WAL,27013,2,27,-70.0322628,12.54202375
Warawara,WAR,54050,5,54,-69.96856899,12.50188313
Wariruri,WRI,45020,4,45,-69.98856013,12.55747003
Washington,WA,12040,1,12,-70.03848266,12.55893756
Watapana Gezaag,WG,73100,7,73,-69.91262067,12.4431522
Watapanastraat,WAT,28320,2,28,-70.02983755,12.53146246
Waterweg,WW,31260,3,31,-70.03463755,12.52034791
Wattstraat,WS,61070,6,61,-69.97537584,12.47121474
Wayaca,WAY,37070,3,37,-70.00329551,12.50521246
Weg Fontein,WF,74010,7,74,-69.90097936,12.44716998
Weg Kustbatterij,WKB,75090,7,75,-69.89821901,12.44000324
Weg Rooi Congo,WRC,72270,7,72,-69.91850113,12.44251917
Weg Rooi Hundo,WRH,74070,7,74,-69.90549062,12.44221976
Weg Sero Blanco,WSB,72180,7,72,-69.90949925,12.45560709
Weg Sero Preto,WSP,73010,7,73,-69.9098234,12.44103152
Werfstraat,WER,22210,2,22,-70.04111061,12.52013352
Wernetstraat,WRT,72110,7,72,-69.91828498,12.44869376
Westpunt,WE,11050,1,11,-70.03815936,12.59214906
Weststraat,WET,26010,2,26,-70.0388786,12.52210428
Weverstraat,WEV,72070,7,72,-69.91622809,12.44790665
Wilhelminastraat,WIH,31230,3,31,-70.03171763,12.5182996
Willem de Zwijgerstraat,WZW,82160,8,82,-69.90733887,12.43721076
Willemstraat,WIS,31210,3,31,-70.03379296,12.51776557
Williamsstraat,WI,25160,2,25,-70.03759497,12.5273057
Windstraat,WIN,31030,3,31,-70.03294853,12.52048825
Wiristraat,WIR,36180,3,36,-70.01452183,12.51806559
Wolffstraat,WO,11140,1,11,-70.03392062,12.56902165
Yolastraat,JOL,24110,2,24,-70.0407545,12.52456176
Zandstraat,ZA,31040,3,31,-70.03147959,12.52001578
Zeewijk,ZW,81020,8,81,-69.91650277,12.43685721
Zepp Lampestraat,ZE,32120,3,32,-70.02674953,12.51135625
Zoutmanstraat,ZO,31180,3,31,-70.03584619,12.51804786
Zuidstraat,ZU,31220,3,31,-70.03380213,12.51810108
Zumbo,ZUM,53030,5,53,-69.97267265,12.52658032
Zuster Candidastraat,ZCA,33030,3,33,-70.03496452,12.5219237
Zuster Cherubinestraat,ZCH,33040,3,33,-70.03444178,12.52204543
Zuster Lidwinastraat,ZLI,33050,3,33,-70.0342259,12.5216797
Zwollestraat,ZWO,72290,7,72,-69.91915183,12.4452951
