<?xml version="1.0" encoding="UTF-8"?>
<metadata xml:lang="en"><Esri><CreaDate>20190522</CreaDate><CreaTime>10534300</CreaTime><ArcGISFormat>1.0</ArcGISFormat><SyncOnce>TRUE</SyncOnce><DataProperties><lineage><Process Name="Define Projection" ToolSource="c:\program files (x86)\arcgis\desktop10.5\ArcToolbox\Toolboxes\Data Management Tools.tbx\DefineProjection" Date="20171130" Time="162036">DefineProjection G:\Data_Randy\Workfiles\GAC\GAC1_Regio_2017_region.shp PROJCS['Transverse_Mercator_Aruba',GEOGCS['GCS_Aruba',DATUM['&lt;custom&gt;',SPHEROID['International_1924',6378388.0,297.0]],PRIMEM['Greenwich',0.0],UNIT['Degree',0.0174532925199433]],PROJECTION['Transverse_Mercator'],PARAMETER['False_Easting',10000.0],PARAMETER['False_Northing',15000.0],PARAMETER['Central_Meridian',-69.99294056],PARAMETER['Scale_Factor',1.0],PARAMETER['Latitude_Of_Origin',12.5201],UNIT['Meter',1.0]]</Process><Process ToolSource="c:\program files (x86)\arcgis\desktop10.5\ArcToolbox\Toolboxes\Data Management Tools.tbx\RepairGeometry" Date="20171207" Time="094909">RepairGeometry GAC1_Regio_2017 KEEP_NULL</Process><Process ToolSource="c:\program files (x86)\arcgis\desktop10.5\ArcToolbox\Toolboxes\Data Management Tools.tbx\Integrate" Date="20171207" Time="112544">Integrate "GAC2_Zone_2017 #;GAC1_Regio_2017 #" "1 Meters"</Process><Process ToolSource="G:\AUA_ArcGIS\Library\A_01_Naming_Tools_Scripts\A_01-4_Toolboxes_Transformations\Randy_ToolBox.tbx\Project" Date="20190522" Time="102917">Project GAC1_Regio_2017 G:\AUA_ArcGIS\Library\Z_Source_CBS\Z_Source_1_Social_Demographics_Statistics\SOCDEM_OUT\DIH\GAC_Regios.shp GEOGCS['GCS_WGS_1984',DATUM['D_WGS_1984',SPHEROID['WGS_1984',6378137.0,298.257223563]],PRIMEM['Greenwich',0.0],UNIT['Degree',0.0174532925199433]] Transverse_Mercator_Aruba_to_WGS_1984_RC PROJCS['Transverse_Mercator_Aruba',GEOGCS['GCS_Aruba',DATUM['&lt;custom&gt;',SPHEROID['International_1924',6378388.0,297.0]],PRIMEM['Greenwich',0.0],UNIT['Degree',0.0174532925199433]],PROJECTION['Transverse_Mercator'],PARAMETER['False_Easting',10000.0],PARAMETER['False_Northing',15000.0],PARAMETER['Central_Meridian',-69.99294056],PARAMETER['Scale_Factor',1.0],PARAMETER['Latitude_Of_Origin',12.5201],UNIT['Meter',1.0]] NO_PRESERVE_SHAPE # NO_VERTICAL</Process></lineage><itemProps><itemLocation><linkage Sync="TRUE">file://\\Gis-App\GisData\AUA_ArcGIS\Library\B_02_AdministrativeUnits\B_02-01_GAC\GAC1\GAC_Regios</linkage><protocol Sync="TRUE">Local Area Network</protocol></itemLocation></itemProps><copyHistory><copy source="G:\AUA_ArcGIS\Library\Z_Source_CBS\Z_Source_1_Social_Demographics_Statistics\SOCDEM_OUT\DIH\GAC_Regios" dest="\\Gis-App\GisData\AUA_ArcGIS\Library\B_02_AdministrativeUnits\B_02-01_GAC\GAC1\GAC_Regios" date="20190522" time="10534300"></copy></copyHistory></DataProperties></Esri></metadata>
